id,user1,user2,user3
1,nemaki,sulfur,5u2umep1y0
2,R_sakura,pikachu,553iruka
3,masu_kou,konkoma,hijiki51
4,the_edible_pan,hinamas2004,tose
5,shiopan,Mugi,Qro
6,kenken,okahara0530,keisin
7,Horn,ryoha,hogyama
8,irukiru081,Riku,touhoku10
9,masa,wakky,sasagon
10,annchan,delphin,toruthi
11,Ricky_55,Kotyan,zer0-star
12,korokorokorokke,SSlime,su1minchu53
13,ogu_kazemiya,toshi00,yukikurage
14,sergio,Yomi,zeta
15,hayatroid,takuto_purple,dan_dan
16,K-san,haru10,YMAC
17,nagate_0908,muryoko,NonREM
18,TsukaSa,yukoku,yutino
19,Negitoro,Renard,machida
20,mumumu,blueseas,daichi_0212
21,Uzaki,Hosoi,oisii_yakioni
22,xxxkojimaxxx,techwemu,Luke256
23,Sugigo,tsu_ji_ken,Seamaru
24,ikasamadx,traP,tobuhitodesu
25,Akisuteno,minomushi,makimaki
26,piyopiyo,fry_a,koukou
27,kamecha,massi,pirosiki
28,sooora220,tidus,H1rono_K
29,T4tsu3i,Jota0887,ilya
30,ohbeshi,titech_4649,Hyde_616
31,yoyuka,blueleaf,miku
32,michadaniel,MZKi,nene0_0
33,OYMD1022,frisk_vcl,kaeru
34,nosaerc,99kokuri,Kotten_san
35,lennomue,Sotatsu,Neo
36,Fall,moyashi_senpai,Oxojo
37,masatoo,Kaji,hiro_323
38,mina,pomupinn53,katu
39,mtaku3,24take,keikoo_shockman
40,Alt--er,KaZ_12,Hatch
41,PinponSato,goto3505,liquid1224
42,micron1104,shirotani,tqk
43,86-86,HetareNeko,TOMOO
44,xbyts,Umbrella,you_pad
45,kotaro,4tohs_K,Kizamibae
46,samidare,el,Akira_256
47,shiratama,Umin,mmmzktm
48,tkr_d_555,yabeeyatsu,seto
49,Lv11,niwatori_844561,Nek0yanag1
50,mimizuku_kanideerking,sase,choco
51,Apppp11,Namedango604,migaru_migaru
52,Natsuki,mazrean,itt
53,77se0525,d_etteiu8383,hacnosuke
54,isak,kitaju,tomatomati
55,macha,inari,tilm_in
56,Futadaruma,Guccii,egurusu
57,ichimei_TIT,Kou,kavos
58,Rasi-1212,pistachio,naoto
59,hotman78,taanaa,koki_10
60,Imperi,koulet_221B,ushiko
61,eru_o2lo,wasachiki,Anju
62,kyobankatu,Nokonoko,sekaiheiwa
63,latadeluxe,M_Aki,tirashizusi
64,wasabi,yoshikoh,roku
65,coming,hal7,slime
66,tatsu_1206,yaga,ikoro
67,shirasu_oisi,matsun,akiponggg0119
68,Neon,nato,Kanagu
69,emura,hebizo,kinetics
70,ramdos,tatyam,Gimei
71,gUuUnya,climax,waltz3
72,karashi,ue,hika_yama
73,TwoSquirrels,maru,foo
74,FT_81,komak_64,patsu_33
75,Hi_shi,lum1narie,soucy
76,daidaiiro,Hokaze,morisho
77,suyaner,kimacrow,PL-38
78,fu2futu,TK0106,Afron
79,U-N-ABC,asari,hajasu27
80,Base,Nors5648,Cd_48
81,tevasan,clcrEX,dogwood_flo
82,Kobakos32,novaEX,masataka_524
83,trasta,yuyu_5510,penguin23
84,tapi,moto,udon
85,yorunger,moka,mirin
86,oryudon,ryoda,daidai761
87,kayt2097152,akiaki,pino
88,MP,botch,toma_nushi
89,comavius,hanzen3kankoku,rho
90,jippo,sabakan38,ryuuga89
91,DO_885,taitai,noya2
92,iro_happa,Pemanous,trame
93,kashiwade,tq,botoku_izm
94,fuyurei4693,Mocho,Chuubee
95,w4ma,TNK2024,Tatsu_bd11
96,gamma,ZONO_CiTY,stam
97,yuzu85,lerul,Adan
98,sutoku_dot27,wakamen,SiNoiRo
99,Series_205,simple7marugari,shiumai
100,nmnm,R,yazavva
101,tajiken,tv_tt,SlimySlime
102,Pugma,vPhos,kanashivering
103,Fumi5932,TetO_0819,terao
104,numbee_8,ouuchi-tit24,spark
105,yashu,Rikuta_q,tokokira
106,nemlos5,kitsne,Borubo13
107,otoshigo,NABE,DSK
108,tmms,448,NannieToy
109,koishi,sho_24,iguana
110,jinken,Liscome,arute23
111,inutamago_dogegg,Snowland,bonc256
112,EBIKANIkot,np_baohuy_vn,karo
113,Kinmoku,Komichi,IR
114,anko,neodymium,riku_6174
115,Tumble_Weeding,0mnado,cunitac
116,ryokusho,series2,sohokro
117,sai_raku,Tsukachan,jamapon
118,isanan,helgev,Kosshi
119,Z,liz,Luftalian
120,tsukune3333,o_ER4,FocusGold
121,haido,Oganessons,Dye
122,da1ya,rota,Shingenmocchi
123,soramea,Rice_tawara459,Dorothy_Dolce
124,Ksk1456169,namikiKU,skater
125,madara16877,simasima,azbcww
126,yuki,Ras,haruka1012
127,aya_se,sokugame,TaaL
128,Nis,0214sh7,sai1234
129,sabanishi,Y-ogi,Chikurin
130,hama65,hiruMID,jupiter_68
131,N_noa21,Hanyon,mencotton
132,Gohho,Toshi1729,na10kiraITrap
133,pippi0057,Kentaro1043,sou-3
134,taito,mera,s9
135,spica,Corgi,hasmukai
136,hangantitech,ei14,lemon
137,sumire0517,Astarte,kiy_367
138,Sugar123,ebi,Naka
139,ringo746,Taatsu,damin
140,soumen,koukawa_pp,sota
141,skout,NapoliN,tsuchi_24
142,tesso,Fogrex,Pina641
143,arumikan,Nzt3,pentagon12
144,season1618,shun,eoa_te
145,Kuh,keng,akimo
146,4_4,Yataka_ML,hotaru
147,kyosu,N_Daichi,Au2942
148,abap34,Elmer,Pentakon
149,gurukun41,Haruki324,TK_from
150,kanibaku8,izumo,YukiMarine
151,show_noki,BN256,eitoo0322
152,u7g43,irun,shogotin
153,yonta59400,Alietty,Hmcmch
154,tokyotech-student_zip,bin_bin,d_hiro
155,Hueter,iChemy,kumota
156,aruze_pino,syouta_1113,arai
157,shimamura,shobon,Sabamiso
158,mizuti3_3,tax_free,satoriki
159,kentucky,ch4tla,knecht_197
160,amamoyoi,Yu1,Winter29
161,HRT,Oyasumimi_3,Guccicci
162,Crafty,kiraby_rainR,masataro
163,rei,gaulo,inochidainini
164,kounosuke,ivy,Aster
165,kittyan,Kimitaka,Okkuri
166,Synori,seidenki,maruki
167,Takeno_hito,toki,Sia8344
168,tamagoyaki_0423,Tennessine_699,say_illness
169,maromayu,sem1,Tc43
170,beferia,ksik-kn,YHz_ikiri
171,noda_subaru,enari_K,ababatraP
172,panimo,sou_maezawa,ayana
173,Cooooooooooooooooooooooooooooody,natu,web
174,dynamic_szk,matcha,nomc
175,MtRui,giagia,kuronofu
176,yukuri,sappi_red,noc7t
177,horiyashiki,romophic,sakura39
178,do1,Jiin,taketake
179,Moto_Tsuyoshi,Kuryu,Cru_Khanate
180,zoi_dayo,Kamijo,Carbon_so
181,cobalt27,hijoushiki,sky_1127
182,barakin,katsudon,gigi
183,Megu_mi,karasu,shunapo
184,Ciel98,nu,SyntaxError
185,tenkaizu_17,Badboys,rein
186,takgin1206,hhk_225,Onagadori
187,Eraxyso,Kasyu,saiten
188,kegra,jacknife,Rozelin
189,usa_usa,kamuraaa,nakaryo
190,ikura-hamu,sumirin,sunaba
191,take,cp20,kaitoyama
192,Ponjuice,yuka,AK
193,dango,cho,anDromeDa
194,inagoro1756,nobu,nubesi
195,meshi-meshi,cobalt,nikuniku
196,Creacion_Estrella,Ingot_Chewer449,kyomu
197,potato167,yuna,annin
198,mehm8128,tks_248637,Higa012
199,orioritu,mizoreyuki,wal
200,seigo2016,Kein,Shimaneko613
201,neshin0622,muhi,fukuramosshk
202,Wert,eenyMeeny,masky5859
203,eki,daiso,yukiyuki_co
204,sura,yn,et
205,maccho_24,imoimo,minagumo
206,irori,mirancer,KoiKoi
207,Ruk3k,inu_warabi,ippanpeople
208,Itsuk1ng08,METCH722,Naru820
209,Kirby0717,sakura,Kuge
210,aonagi,matoishi,YNotchi_HKTIte2
211,Shi_na_no,phi,sent_p
212,kantoku,docomo_ne_jp,Mozuya
213,malfisto,Silviase,inasan827_24197
214,Kai,Asumar,alex_python
215,Tn,toko_kmk,touhu
216,simeserver22,null,null
217,user1,user2,user3
218,user4,user5,user6
